modelo,config,accuracy,precision_macro,recall_macro,f1_macro,valid_f1_macro
mlp,"{'hidden_layer_sizes': (64, 32, 16, 8), 'alpha': 0.0001}",0.7333333333333333,0.731711915535445,0.7333333333333334,0.7222467934542238,0.8252901160464186
random_forest,"{'n_estimators': 100, 'max_depth': 10, 'min_samples_leaf': 2}",0.7066666666666667,0.7131724484665661,0.7066666666666667,0.6933089620028802,0.7595926532096744
knn,k=7,0.72,0.704906204906205,0.7200000000000001,0.6927748027292594,0.7222167243938644
decision_tree,"{'max_depth': 5, 'min_samples_leaf': 10}",0.5466666666666666,0.5277777777777778,0.5466666666666667,0.5355348592814211,0.6667629408555568
